crisno,crisis_text,yrtrig,yrterm,event_type,interact_fatalities,actors_involved
1.0,RUSSIAN CIVIL WAR I,1918.0,1920.0,"action, thought",0,"Canada, Czechoslovakia, France, Germany, Japan, Russian Soviet Federative Socialist Republic, United Kingdom, United States of America"
2.0,COSTA RICAN COUP,1918.0,1919.0,"speech, action, thought",0,"Costa Rica, Guatemala, Honduras, Nicaragua, United States of America"
3.0,RUSSIAN CIVIL WAR II,1918.0,1919.0,"action, thought",0,"Canada, France, Russian Soviet Federative Socialist Republic, United Kingdom"
4.0,BALTIC INDEPENDENCE,1918.0,1920.0,"speech, action, thought",0,"Estonia, Finland, Germany, Latvia, Lithuania, Poland, Russian Soviet Federative Socialist Republic, Ukraine, United Kingdom"
5.0,TESCHEN,1919.0,1920.0,"speech, action, thought",0,"Allies, Czechoslovakia, France, Poland, United Kingdom"
6.0,HUNGARIAN WAR,1919.0,1919.0,"speech, action, thought",0,"Austria-Hungary, Czechoslovakia, France, Germany, Hungary, Italy, Poland, Romania, Russian Soviet Federative Socialist Republic, United Kingdom, United States of America"
7.0,SMYRNA,1919.0,1919.0,"speech, action, thought",0,"Albania, Allies of the First World War, France, Greece, Italy, League of Nations, Ottoman Empire, Turkey, United Kingdom, United States of America"
8.0,THIRD AFGHAN WAR,1919.0,1919.0,"action;speech, speech, action, thought",100,"Afghanistan, India, United Kingdom"
9.0,FINNISH-RUSSIAN BORDER,1919.0,1920.0,"speech, action, thought",0,"Finland, France, Germany, Russian Soviet Federative Socialist Republic, United Kingdom, United States of America"
10.0,BESSARABIA,1919.0,1920.0,"speech, action, thought",0,"Bessarabia, Germany, Romania, Russian Soviet Federative Socialist Republic, Ukraine"
11.0,CILICIAN WAR,1919.0,1921.0,"speech, action, thought",0,"France, Greece, Russian Soviet Federative Socialist Republic, Turkey, United Kingdom"
12.0,RHENISH REBELLIONS,1920.0,1920.0,"speech, action, thought",0,"France, Germany, Italy, Japan, League of Nations, United Kingdom, United States of America, franco/german"
13.0,POLISH-RUSSIAN WAR,1920.0,1920.0,"speech, action, thought",0,"Allies of the First World War, France, League of Nations, Lithuania, Poland, Russian Soviet Federative Socialist Republic, Ukraine, United Kingdom"
14.0,PERSIAN BORDER,1920.0,1921.0,"speech, action, thought",0,"France, Iran, Jungle Movement of Gilan, League of Nations, Russian Soviet Federative Socialist Republic, United Kingdom, white movement"
15.0,AALAND ISLANDS,1920.0,1921.0,"speech, action, thought",0,"Denmark, Estonia, Finland, France, Germany, Italy, Latvia, League of Nations, Poland, Russian Soviet Federative Socialist Republic, Sweden, United Kingdom, autonomous region of Finland"
16.0,GREECE-TURKEY WAR I,1920.0,1920.0,", action, thought",0,"France, Greece, Turkey, United Kingdom"
17.0,VILNA I,1920.0,1920.0,"speech, action, thought",0,"Allies of the First World War, League of Nations, Lithuania, Poland, Russian Soviet Federative Socialist Republic, Vilnius"
18.0,GREECE-TURKEY WAR II,1921.0,1921.0,"action, thought",0,"Armenia, Greece, Italy, Russian Soviet Federative Socialist Republic, Turkey, United Kingdom"
19.0,COSTA RICA-PANAMA BORDER,1921.0,1921.0,"speech, action, thought",0,"Costa Rica, League of Nations, Panama, United States of America"
20.0,GERMAN REPARATIONS,1921.0,1921.0,"speech, action, thought",0,"Allies of the First World War, Belgium, France, Germany, League of Nations, Netherlands, United Kingdom, United States of America"
21.0,KARL'S RETURN TO HUNGARY,1921.0,1921.0,"speech, action, thought",0,"Allies of the First World War, Austria, Czechoslovakia, France, House of Lorraine, Hungary, Italy, Japan, Portugal, Romania, Spain, Switzerland, United Kingdom, United States of America, Yugoslavia"
22.0,AUSTRIAN SEPARATISTS,1921.0,1921.0,"speech, action, thought",0,"Allies of the First World War, Austria, Austria-Hungary, France, Germany, Italy, Salzburg, Styria, Tyrol, United Kingdom, Yugoslavia"
23.0,ALBANIAN FRONTIER,1921.0,1921.0,"speech, action, thought",0,"Albania, Allies of the First World War, Belgium, France, Greece, Italy, Japan, League of Nations, Russian Soviet Federative Socialist Republic, United Kingdom, Yugoslavia"
24.0,BURGENLAND DISPUTE,1921.0,1921.0,"speech, action, thought",0,"Austria, Czechoslovakia, Hungary, Italy"
25.0,GREECE-TURKEY WAR III,1922.0,1922.0,"speech, action, thought",0,"France, Greece, Turkey"
26.0,CHANAK,1922.0,1922.0,"speech, action, thought",0,"France, Greece, Turkey, United Kingdom"
27.0,RUHR I,1923.0,1923.0,"speech, action, thought",0,"Belgium, France, Germany, Netherlands, Poland, Soviet Union, United Kingdom"
28.0,CORFU INCIDENT,1923.0,1923.0,"speech, action, thought",0,"Albania, Allies of the First World War, France, Greece, Italy, Japan, League of Nations, United Kingdom"
29.0,HIJAZ-NAJD WAR,1924.0,1925.0,"action, thought",0,"Kingdom of Hejaz, Kingdom of Nejd and Hejaz, Ottoman Empire, Sultanate of Nejd, Turkey, United Kingdom"
30.0,RUHR II,1924.0,1924.0,"speech, action, thought",0,"Belgium, France, Germany, Greece, Italy, Japan, Portugal, Romania, United Kingdom, United States of America, Yugoslavia"
31.0,MOSUL LAND DISPUTE,1924.0,1924.0,"speech, action, thought",0,"Allies of the First World War, France, International Court of Justice, Iraq, League of Nations, Ottoman Empire, Turkey, United Kingdom"
32.0,BULGARIA-GREEK FRONTIER,1925.0,1925.0,"speech, action, thought",0,"Bulgaria, France, Germany, Greece, Italy, Komitadji, League of Nations, Romania, Turkey, United Kingdom, Yugoslavia"
33.0,NICARAGUA CIVIL WAR I,1926.0,1927.0,"speech, action, thought",0,"Costa Rica, El Salvador, Guatemala, League of Nations, Mexico, Nicaragua, United States of America"
34.0,HEGEMONY OVER ALBANIA,1926.0,1927.0,"speech, action, thought",0,"Albania, Czechoslovakia, France, Germany, Greece, Italy, Japan, Komitadji, League of Nations, United Kingdom, Yugoslavia"
35.0,SHANTUNG,1927.0,1929.0,"speech, action, thought",0,"Communist Party of China, Japan, League of Nations, People's Republic of China, United States of America"
36.0,VILNA II,1927.0,1927.0,"speech, action, thought",0,"France, League of Nations, Lithuania, Netherlands, Poland, Soviet Union, United Kingdom"
37.0,CHACO I,1928.0,1929.0,"speech, action, thought",0,"Bolivia, Colombia, Cuba, League of Nations, Mexico, Organization of American States, Paraguay, United States of America, Uruguay"
38.0,CHINESE EASTERN RAILWAY,1929.0,1929.0,"speech, action, thought",0,"Germany, People's Republic of China, Soviet Union"
39.0,MUKDEN INCIDENT,1931.0,1932.0,"speech, action, thought",0,"Japan, League of Nations, People's Republic of China, Soviet Union, United Kingdom, United States of America"
40.0,SHANGHAI,1932.0,1932.0,", speech, action, thought",0,"Japan, League of Nations, People's Republic of China, United Kingdom"
41.0,CHACO II,1932.0,1935.0,"speech, action, thought",10000,"Argentina, Bolivia, Brazil, Chile, Columbia, Cuba, France, Germany, Italy, League of Nations, Mexico, Paraguay, Peru, Soviet Union, United Kingdom, United States, United States of America, Uruguay"
42.0,LETICIA,1932.0,1933.0,"speech, action, thought",0,"Colombia, League of Nations, Peru, United States of America"
43.0,JEHOL CAMPAIGN,1933.0,1933.0,"speech, action, thought",0,"Italy, Japan, League of Nations, People's Republic of China, United Kingdom, United States of America"
44.0,SAUDI-YEMEN WAR,1933.0,1934.0,"speech, action, thought",0,"Egypt, Italy, Saudi Arabia, Syria, United Kingdom, Yemen"
45.0,AUSTRIA PUTSCH,1934.0,1934.0,"speech, action, thought",0,"Austria, Czechoslovakia, France, Germany, Italy, United Kingdom, Yugoslavia"
46.0,ASSASSINATION OF KING ALEXANDER,1934.0,1934.0,"speech, action, thought",0,"France, Hungary, Italy, League of Nations, Yugoslavia"
47.0,ETHIOPIAN WAR,1934.0,1936.0,"speech, action, thought",0,"British Somaliland, Eritrea, Ethiopia, France, Germany, Italy, League of Nations, Turkey, United Kingdom, Yugoslavia"
48.0,BULGARIA-TURKEY,1935.0,1935.0,"speech, action, thought",0,"Bulgaria, Greece, League of Nations, Romania, Turkey, Yugoslavia"
49.0,KAUNAS TRIALS,1935.0,1935.0,"speech, action, thought",0,"France, Germany, Italy, League of Nations, Lithuania, United Kingdom"
50.0,ECUADOR-PERU BORDER I,1935.0,1935.0,"speech, action, thought",0,"Ecuador, Peru"
51.0,REMILITARIZATION OF THE RHINELAND,1936.0,1936.0,"speech, action, thought",0,"Belgium, Czechoslovakia, France, Germany, Italy, Organisation of the League of Nations, Poland, Romania, United Kingdom, Yugoslavia"
52.0,SPANISH CIVIL WAR I,1936.0,1937.0,"speech, action, thought",0,"France, Germany, Italy, League of Nations, Nationalist faction, Portugal, Republican faction (Spanish Civil War), Soviet Union, Spain, United Kingdom"
53.0,ALEXANDRETTA,1936.0,1939.0,"speech, action, thought",0,"France, League of Nations, Syria, Turkey"
54.0,SPANISH CIVIL WAR II,1937.0,1937.0,"speech, action, thought",20,"France, Germany, Italy, Lithuania, Spain, United Kingdom"
55.0,AMUR RIVER INCIDENT,1937.0,1937.0,"speech, action, thought",0,"Japan, People's Republic of China, Soviet Union"
56.0,MARCO POLO BRIDGE,1937.0,1938.0,"speech, action, thought",0,"Germany, Japan, League of Nations, People's Republic of China, Soviet Union, United Kingdom"
57.0,POSTAGE STAMP CRISIS,1937.0,1937.0,"speech, action, thought",0,"Costa Rica, Honduras, Nicaragua, United States of America, Venezuela"
58.0,DOMINICAN REPUBLIC-HAITI I,1937.0,1938.0,"speech, action, thought",0,"Argentina, Cuba, Dominican Republic, Guatemala, Haiti, Mexico, Organization of American States, Peru, United States of America, Vatican City"
59.0,PANAY INCIDENT,1937.0,1937.0,"speech, action, thought",0,"France, Japan, People's Republic of China, United Kingdom, United States of America"
60.0,ANSCHLUSS,1938.0,1938.0,"speech, action, thought",0,"Austria, France, Germany, Italy, United Kingdom"
61.0,POLISH ULTIMATUM,1938.0,1938.0,"speech, action, thought",0,"Germany, Latvia, Lithuania, Poland, Soviet Union"
62.0,CZECHOSLOVAKIA MAY CRISIS,1938.0,1938.0,"speech, action, thought",0,"Czechoslovakia, France, Germany, Soviet Union, United Kingdom"
63.0,CHANGKUFENG,1938.0,1938.0,"action, thought",0,"Japan, Soviet Union"
64.0,MUNICH,1938.0,1938.0,"action;speech, speech, action, thought",0,"Austria, Czechoslovakia, France, Germany, Italy, Poland, Soviet Union, United Kingdom"
65.0,SPANISH CIVIL WAR III,1938.0,1938.0,"speech, action, thought",31000,"Germany, Italy, Nationalist faction, Republican faction (Spanish Civil War), Soviet Union, Spain"
66.0,ITALY THREAT-FRANCE,1938.0,1939.0,"speech, action, thought",0,"Algeria, Djibouti, France, Germany, Italy, Tunisia, United Kingdom, United States of America"
67.0,SPANISH CIVIL WAR IV,1938.0,1939.0,"speech, action, thought",0,"France, Germany, Italy, League of Nations, Nationalist faction, Republican faction (Spanish Civil War), Spain, United Kingdom, United States of America"
68.0,CZECHOSLOVAKIA'S ANNEXATION,1939.0,1939.0,"action;speech, speech, action, thought",0,"Carpathian Ruthenia, Czech Republic, Czechoslovakia, Germany, Hungary, Slovakia, United Kingdom"
69.0,MEMEL,1939.0,1939.0,"speech, action, thought",0,"Czechoslovakia, France, Germany, Lithuania, Poland, United Kingdom"
70.0,DANZIG,1939.0,1939.0,"action;speech, speech, action, thought",0,"Allies, France, Germany, Italy, Japan, League of Nations, Poland, Romania, Soviet Union, United Kingdom, United States of America, Yugoslavia"
71.0,INVASION OF ALBANIA,1939.0,1939.0,"speech, action, thought",0,"Albania, Egypt, Germany, Greece, Italy, League of Nations, Romania, United Kingdom"
72.0,NOMONHAN,1939.0,1939.0,"speech, action, thought",20100,"Japan, Mongolian People's Republic, Soviet Union"
73.0,TIENTSIN,1939.0,1939.0,"speech, action, thought",0,"Germany, Japan, People's Republic of China, Soviet Union, United Kingdom, United States of America"
74.0,ENTRY INTO WWII,1939.0,1939.0,"speech, action, thought",0,"Allies, Australia, Axis, Belgium, Canada, Denmark, Estonia, Finland, France, Germany, Italy, Japan, Latvia, Lithuania, Luxembourg, Netherlands, New Zealand, Norway, Poland, Romania, Slovakia, South Africa, Soviet Union, Sweden, Switzerland, United Kingdom"
75.0,SOVIET OCCUPATION OF THE BALTIC,1939.0,1939.0,"speech, action, thought",0,"Estonia, France, Germany, Latvia, Lithuania, Poland, Soviet Union, United Kingdom"
76.0,FINNISH WAR,1939.0,1940.0,"action;speech, speech, action, thought",0,"Allies, Estonia, Finland, France, Germany, Italy, Latvia, League of Nations, Lithuania, Norway, Soviet Union, Sweden, United Kingdom, United States of America"
77.0,INVASION OF SCANDINAVIA,1940.0,1940.0,"speech, action, thought",0,"Denmark, France, Germany, Netherlands, Norway, United Kingdom, anglo-french"
78.0,FALL OF WESTERN EUROPE,1940.0,1940.0,"speech, action, thought",0,"Belgium, Denmark, France, Germany, Italy, Luxembourg, Netherlands, Norway, United Kingdom"
79.0,CLOSURE OF BURMA ROAD,1940.0,1940.0,"speech, action, thought",0,"Japan, People's Republic of China, United Kingdom, United States of America"
80.0,ROMANIAN TERRITORY,1940.0,1940.0,"speech, action, thought",0,"Bulgaria, Germany, Greece, Hungary, Italy, Romania, Soviet Union, Turkey, Yugoslavia"
81.0,BATTLE OF BRITAIN,1940.0,1940.0,"speech, action, thought",100,"Germany, Scotland, Soviet Union, United Kingdom, United States of America"
82.0,EAST AFRICA CAMPAIGN,1940.0,1941.0,"speech, action, thought",2000,"Eritrea, Ethiopia, France, Italy, United Kingdom, United States of America"
83.0,BALKAN INVASION,1940.0,1941.0,"speech, action, thought",0,"Australia, Bulgaria, Germany, Greece, Hungary, Italy, New Zealand, Romania, Turkey, United Kingdom, United States of America, Yugoslavia"
84.0,MID-EAST CAMPAIGN,1941.0,1941.0,"speech, action, thought",0,"France, Germany, Iraq, Lebanon, Palestinians, Syria, Turkey, United Kingdom, United States of America"
85.0,BARBAROSSA,1941.0,1941.0,"speech, action, thought",0,"Axis, Bulgaria, Finland, Germany, Hungary, Japan, Latvia, Romania, Soviet Union, Ukraine, United Kingdom, United States of America"
86.0,ECUADOR-PERU BORDER II,1941.0,1942.0,"speech, action, thought",0,"Argentina, Brazil, Chile, Ecuador, Organization of American States, Peru, United States of America"
87.0,OCCUPATION OF IRAN,1941.0,1942.0,"speech, action, thought",0,"Iran, Soviet Union, United Kingdom, United States of America"
88.0,PEARL HARBOR,1941.0,1942.0,"speech, action, thought",2000,"Allies, Australia, Canada, Germany, Italy, Japan, Myanmar, Netherlands, New Zealand, Organization of American States, People's Republic of China, Singapore, Thailand, United Kingdom, United States of America"
89.0,STALINGRAD,1942.0,1943.0,"speech, action, thought",210000,"Germany, Soviet Union"
90.0,EL ALAMEIN,1942.0,1943.0,"speech, action, thought",0,"Axis, France, Germany, Italy, United Kingdom, United States of America"
91.0,FALL OF ITALY,1943.0,1943.0,"speech, action, thought",2000,"Allies, Canada, Germany, Italy, United Kingdom, United States of America"
92.0,GERMAN OCCUPATION OF HUNGARY,1944.0,1944.0,"speech, action, thought",0,"Allies, Germany, Hungary, Soviet Union, United States of America"
93.0,SOVIET OCCUPATION OF EAST EUROPE,1944.0,1945.0,"speech, action, thought",0,"Allies, Bulgaria, Germany, Hungary, Italy, Japan, Romania, Soviet Union, United Kingdom, United States of America, Yugoslavia"
94.0,D-DAY,1944.0,1945.0,"action, thought",20000,"Allies, Canada, Germany, Soviet Union, United Kingdom, United States of America"
95.0,FALL OF SAIPAN,1944.0,1944.0,"action, thought",100,"Japan, United Kingdom, United States of America"
96.0,IRAN-OIL CONCESSIONS,1944.0,1944.0,"speech, action, thought",0,"Iran, Soviet Union, Tudeh Party of Iran, United Kingdom, United States of America"
97.0,LEYTE CAMPAIGN,1944.0,1944.0,"action, thought",21000,"Allies, Japan, Philippines, United States of America"
98.0,GREEK CIVIL WAR I,1944.0,1945.0,"speech, action, thought",0,"Communist Party of Greece, Greece, United Kingdom, United States of America"
99.0,LUZON,1945.0,1945.0,"speech, action, thought",0,"Japan, Philippines, United States of America"
100.0,FINAL SOVIET OFFENSIVE,1945.0,1945.0,"action, thought",0,"Allies, Germany, Soviet Union"
101.0,IWO JIMA,1945.0,1945.0,"action, thought",2000,"Japan, United States of America"
102.0,COMMUNISM IN ROMANIA,1945.0,1945.0,"speech, action, thought",0,"Germany, Romania, Soviet Union"
103.0,OKINAWA,1945.0,1945.0,"speech, action, thought",110,"Japan, Soviet Union, United States of America"
104.0,TRIESTE I,1945.0,1945.0,"speech, action, thought",0,"Allies, Austria-Hungary, France, Germany, Italy, Russian Empire, Soviet Union, United Kingdom, United States of America, Yugoslavia, triple entente, western allies"
105.0,FRENCH FORCES-SYRIA,1945.0,1945.0,"speech, action, thought",200,"France, Syria, United Kingdom, United States of America"
106.0,KARS-ARDAHAN,1945.0,1946.0,", speech, action, thought",0,"Soviet Union, Turkey, United Kingdom, United States of America"
107.0,HIROSHIMA-NAGASAKI,1945.0,1945.0,"speech, action, thought",120000,"Allies, Japan, People's Republic of China, Soviet Union, United Kingdom, United States of America"
108.0,AZERBAIJAN,1945.0,1946.0,"speech, action, thought",0,"Azerbaijan, Azerbaijani Democratic Party, Iran, Soviet Union, Tudeh Party of Iran, United Kingdom, United Nations, United States of America"
109.0,INDONESIA INDEPENDENCE I,1945.0,1947.0,"speech, action, thought",0,"Allies, Indonesia, Netherlands, United Kingdom, United Nations"
110.0,COMMUNISM IN POLAND,1946.0,1947.0,"speech, action, thought",0,"Peasant Party, Poland, Polish United Workers' Party, Soviet Union, United Kingdom"
111.0,TURKISH STRAITS,1946.0,1946.0,"speech, thought",0,"Soviet Union, Turkey, United Kingdom, United States of America"
112.0,GREEK CIVIL WAR II,1946.0,1947.0,"speech, action, thought",1100,"Albania, Bulgaria, Democratic Army of Greece, Greece, United Kingdom, United Nations, Yugoslavia"
113.0,COMMUNISM IN HUNGARY,1947.0,1947.0,"speech, action, thought",0,"Hungary, Soviet Union, United Kingdom, United States of America"
114.0,TRUMAN DOCTRINE,1947.0,1947.0,", speech, action, thought",0,"Greece, Turkey, United Kingdom, United Nations, United States of America"
115.0,MARSHALL PLAN,1947.0,1947.0,", speech, action, thought",0,"Czechoslovakia, France, Poland, Soviet Union, United Kingdom, United States of America, anglo-french"
116.0,INDONESIA INDEPENDENCE II,1947.0,1948.0,"action;speech, speech, action, thought",0,"Australia, India, Indonesia, Netherlands, United Kingdom, United Nations, United States of America"
117.0,CUBA-DOMINICAN REPUBLIC,1947.0,1947.0,", speech, action, thought",0,"Caribbean Legion, Cuba, Dominican Republic, Guatemala, Organization of American States, United States of America, international community"
118.0,JUNAGADH,1947.0,1948.0,"speech, action, thought",0,"India, Pakistan, United Kingdom"
119.0,KASHMIR I,1947.0,1949.0,", speech, action, thought",100,"Argentina, Azad Kashmir Regular Force, Belgium, Colombia, Czechoslovakia, India, Pakistan, Royal House of Jammu and Kashmir, United Kingdom, United Nations"
120.0,PALESTINE PARTITION/ISRAEL INDEPENDENCE,1947.0,1949.0,"speech, action, thought",0,"Arab League, Egypt, Iraq, Israel, Jordan, Lebanon, Palestinians, Soviet Union, Syria, United Kingdom, United Nations, United States of America"
121.0,COMMUNISM IN CZECHOSLOVAKIA,1948.0,1948.0,", speech, action, thought",0,"Czechoslovakia, Soviet Union, United Nations"
122.0,SOVIET NOTE TO FINLAND I,1948.0,1948.0,", action, thought",0,"Finland, Soviet Union, nordic states"
123.0,BERLIN BLOCKADE,1948.0,1949.0,", speech, thought, action;speech, action",0,"Argentina, Belgium, Canada, Colombia, France, Germany, People's Republic of China, Soviet Union, Syria, United Kingdom, United Nations, United States of America, West Germany"
124.0,HYDERABAD,1948.0,1948.0,", speech, action, thought",0,"Hyderabad State, India, United Nations"
125.0,CHINA CIVIL WAR,1948.0,1949.0,"speech, action, thought",0,"Communist Party of China, People's Republic of China, Soviet Union, Taiwan, United States of America"
126.0,COSTA RICA-NICARAGUA I,1948.0,1949.0,"speech, action, thought",0,"Brazil, Colombia, Costa Rica, Mexico, National Liberation Party, Nicaragua, Organization of American States, United Nations, United States of America"
127.0,INDONESIA INDEPENDENCE III,1948.0,1949.0,"action;speech, speech, action, thought",0,"India, Indonesia, Netherlands, United Nations"
128.0,SINAI INCURSION,1948.0,1949.0,"speech, action, thought",0,"Arab League, Egypt, Israel, Jordan, United Kingdom, United Nations"
129.0,PUSHTUNISTAN I,1949.0,1950.0,"speech, action, thought",0,"Afghanistan, Pakistan"
130.0,LUPERON,1949.0,1949.0,"speech, action, thought",10,"Cuba, Dominican Republic, Guatemala, Organization of American States"
131.0,SOVIET BLOC-YUGOSLAVIA,1949.0,1951.0,"speech, action, thought",0,"Soviet Union, United States of America, Yugoslavia"
132.0,KOREAN WAR I,1950.0,1950.0,"speech, action, thought",0,"Member states of the United Nations, North Korea, People's Republic of China, South Korea, Soviet Union, Taiwan, United Nations, United States of America"
133.0,KOREAN WAR II,1950.0,1951.0,"speech, action, thought",100000,"North Korea, People's Republic of China, South Korea, Soviet Union, United Nations, United States of America"
134.0,HULA DRAINAGE,1951.0,1951.0,"speech, action, thought",110,"Israel, Syria, United Nations, israel/syria"
135.0,PUNJAB WAR SCARE I,1951.0,1951.0,", speech, action, thought",0,"India, Pakistan, United Nations"
136.0,SUEZ CANAL,1951.0,1952.0,", speech, action, thought",10,"Arab League, Egypt, Sudan, United Kingdom, United Nations, United States of America"
137.0,CATALINA AFFAIR,1952.0,1952.0,"speech, action, thought",0,"Soviet Union, Sweden"
138.0,BURMA INFILTRATION,1953.0,1954.0,"speech, action, thought",0,"Communist Party of China, Kuomintang, Myanmar, People's Republic of China, Taiwan, Thailand, United Nations, United States of America"
139.0,INVASION OF LAOS I,1953.0,1953.0,"speech, action, thought",0,"France, Laos, North Vietnam, Pathet Lao, United Nations, Vietnamese Independence League"
140.0,KOREAN WAR III,1953.0,1953.0,"speech, action, thought",100000,"North Korea, People's Republic of China, South Korea, United Nations, United States of America"
141.0,EAST GERMAN UPRISING,1953.0,1953.0,", speech, action, thought",0,"German Democratic Republic, Soviet Union"
142.0,TRIESTE II,1953.0,1953.0,"speech, action, thought",0,"Italy, United Kingdom, United States of America, Yugoslavia"
143.0,QIBYA,1953.0,1953.0,", speech, action",10,"Arab League, Israel, Jordan, United Kingdom, United States of America"
144.0,GUATEMALA,1953.0,1954.0,"speech, action, thought",100000,"Eastern Bloc, Guatemala, Guatemalan National Revolutionary Unity, Honduras, Organization of American States, United Nations, United States of America"
145.0,DIEN BIEN PHU,1954.0,1954.0,", speech, action, thought",0,"France, People's Republic of China, Soviet Union, United Kingdom, United Nations, United States of America, Vietnamese Independence League"
146.0,TAIWAN STRAIT I,1954.0,1955.0,"speech, action, thought",0,"People's Republic of China, Southeast Asia Treaty Organization, Taiwan, United Nations, United States of America"
147.0,COSTA RICA-NICARAGUA II,1955.0,1955.0,"speech, action, thought",0,"Costa Rica, Nicaragua, Organization of American States, United States of America, Venezuela"
148.0,BAGHDAD PACT,1955.0,1955.0,"speech, action, thought",0,"Arab League, Egypt, Iran, Iraq, Jordan, Lebanon, Pakistan, Saudi Arabia, Soviet Union, Syria, Turkey, United Kingdom, United States of America, Western world, Yemen"
149.0,GAZA RAID-CZECHOSLOVKIA ARMS,1955.0,1956.0,"action;thought, speech, action, thought",30,"Arab League, Czechoslovakia, Egypt, France, Israel, Jordan, Soviet Union, United Nations"
150.0,PUSHTUNISTAN II,1955.0,1955.0,"speech, action, thought",0,"Afghanistan, Egypt, Iran, Iraq, Pakistan, Saudi Arabia, Soviet Union, Turkey"
151.0,GOA I,1955.0,1955.0,", speech, action, thought",30,"India, Portugal, United Kingdom"
152.0,SUEZ NATIONALIZATION-WAR,1956.0,1957.0,", speech, action, thought",0,"Australia, Egypt, France, Israel, Soviet Union, United Kingdom, United Nations, United States of America"
153.0,QALQILYA,1956.0,1956.0,"speech, action, thought",0,"Iraq, Israel, Jordan, Soviet Union, United Kingdom, United Nations, United States of America"
154.0,POLAND LIBERALIZATION,1956.0,1956.0,", speech, action, thought",0,"Poland, Soviet Union"
155.0,HUNGARIAN UPRISING,1956.0,1957.0,"speech, action, thought",0,"Hungary, Soviet Union, United Nations, Warsaw Pact"
156.0,MOCORON INCIDENT,1957.0,1957.0,"speech, action, thought",0,"Honduras, Nicaragua, Organization of American States"
157.0,JORDAN REGIME,1957.0,1957.0,"speech, action, thought",0,"Egypt, Jordan, Saudi Arabia, Soviet Union, Syria, United Kingdom, United States of America"
158.0,FRANCE-TUNISIA,1957.0,1958.0,"speech, action, thought",10,"France, National Liberation Front, Tunisia, United Kingdom, United Nations, United States of America"
159.0,SYRIA-TURKEY CONFRONTATION,1957.0,1957.0,", speech, action, thought",0,"Iraq, Jordan, Lebanon, NATO, Saudi Arabia, Soviet Union, Syria, Turkey, United Nations, United States of America"
160.0,IFNI,1957.0,1958.0,"speech, action, thought",0,"Morocco, Spain, United States of America"
161.0,WEST IRIAN I,1957.0,,"speech, action, thought",0,"Australia, Indonesia, NATO, Netherlands, United Nations"
162.0,FORMATION OF UAR,1958.0,1958.0,"speech, action, thought",0,"Egypt, Iraq, Jordan, Saudi Arabia, Syria, United Arab Republic"
163.0,EGYPT-SUDAN BORDER I,1958.0,1958.0,"speech, action, thought",0,"Arab League, Egypt, Sudan, United Nations"
164.0,ABORTIVE COUP-INDONESIA,1958.0,1958.0,"speech, action, thought",1000,"Indonesia, Soviet Union, United States of America"
165.0,IRAQ-LEBANON UPHEAVAL,1958.0,1958.0,", speech, action, thought",0,"Arab League, Iraq, Jordan, Lebanon, Soviet Union, United Arab Republic, United Kingdom, United Nations, United States of America"
166.0,TAIWAN STRAIT II,1958.0,1958.0,"speech, action, thought",0,"People's Republic of China, Soviet Union, Taiwan, United States of America"
167.0,CAMBODIA-THAILAND,1958.0,1959.0,"speech, action, thought",0,"Cambodia, People's Republic of China, Thailand, United Nations"
168.0,BERLIN DEADLINE,1958.0,1959.0,", speech, action, thought",0,"Czechoslovakia, France, German Democratic Republic, NATO, Poland, Soviet Union, United Kingdom, United States of America, West Germany"
169.0,MEXICO-GUATEMALA FISHING RIGHTS,1958.0,1959.0,"speech, thought",0,"Guatemala, Mexico"
170.0,CENTRAL AMERICA-CUBA I,1959.0,1959.0,"speech, action, thought",0,"Costa Rica, Cuba, Dominican Republic, Haiti, Nicaragua, Organization of American States, Panama, United States of America"
171.0,CHINA-INDIA BORDER I,1959.0,1960.0,"speech, action, thought",0,"India, People's Republic of China"
172.0,SHATT-AL-ARAB I,1959.0,1960.0,"speech, action, thought",0,"Iran, Iraq, United Kingdom, United States of America"
173.0,ROTTEM,1960.0,1960.0,", speech, action, thought",0,"Egypt, Israel, Soviet Union, United Arab Republic, United States of America"
174.0,GHANA-TOGO BORDER I,1960.0,1960.0,"speech, action, thought",0,"France, Ghana, Togo"
175.0,FAILED ASSASSINATION-VENEZUELA,1960.0,1960.0,"speech, action, thought",0,"Dominican Republic, Organization of American States, United Nations, United States of America, Venezuela"
176.0,CONGO I-KATANGA,1960.0,1962.0,"speech, action, thought",0,"Belgium, Democratic Republic of the Congo, Republic of the Congo, Soviet Union, United Nations, United States of America"
177.0,MALI FEDERATION,1960.0,1960.0,"speech, action, thought",0,"Benin, France, Mali, Republic of Upper Volta, Senegal, Soviet Union, United Nations"
178.0,CENTRAL AMERICA-CUBA II,1960.0,1960.0,"speech, action, thought",0,"Cuba, Guatemala, Nicaragua, Revolutionary Movement 13th November, United Nations, United States of America"
179.0,ETHIOPIA-SOMALIA,1960.0,1961.0,"speech, action, thought",0,"Ethiopia, Somalia"
180.0,PATHET LAO OFFENSIVE,1961.0,1961.0,"speech, action, thought",0,"Cambodia, France, International Control Commission, Laos, North Vietnam, Pathet Lao, People's Republic of China, South Vietnam, Southeast Asia Treaty Organization, Soviet Union, Thailand, United Kingdom, United States of America"
181.0,BAY OF PIGS,1961.0,1961.0,", speech, action, thought",10,"Cuba, Soviet Union, United Nations, United States of America"
182.0,PUSHTUNISTAN III,1961.0,1962.0,"speech, action, thought",0,"Afghanistan, Pakistan, Soviet Union, United States of America"
183.0,KUWAIT INDEPENDENCE,1961.0,1961.0,"speech, action, thought",0,"Arab League, Iraq, Kuwait, United Kingdom, United Nations"
184.0,BIZERTA,1961.0,1961.0,"speech, action, thought",0,"Arab League, Arab states, France, Tunisia, United Nations"
185.0,BERLIN WALL,1961.0,1961.0,", speech, action, thought",0,"France, German Democratic Republic, NATO, Soviet Union, United Kingdom, United States of America, Warsaw Pact, West Germany"
186.0,VIETCONG ATTACK,1961.0,1961.0,"speech, action, thought",0,"North Vietnam, South Vietnam, United States of America"
187.0,WEST IRIAN II,1961.0,1962.0,"speech, action, thought",0,"Indonesia, Netherlands, Soviet Union, United Nations, United States of America"
188.0,BREAKUP OF UAR,1961.0,1961.0,"speech, action, thought",0,"Egypt, Syria, Syrian opposition, United Arab Republic"
189.0,SOVIET NOTE TO FINLAND II,1961.0,1961.0,"speech, action, thought",0,"Finland, Soviet Union"
190.0,GOA II,1961.0,1961.0,"speech, action, thought",0,"India, Portugal, United Nations"
191.0,MALI-MAURITANIA,1962.0,1963.0,"speech, action, thought",0,"Mali, Mauritania, Morocco"
192.0,TAIWAN STRAIT III,1962.0,1962.0,"speech, action, thought",0,"People's Republic of China, Taiwan, United States of America"
193.0,NAM THA,1962.0,1962.0,"speech, action, thought",0,"Laos, North Vietnam, Pathet Lao, Southeast Asia Treaty Organization, Soviet Union, Thailand, United States of America"
194.0,CHINA-INDIA BORDER II,1962.0,1963.0,"speech, action, thought",0,"Australia, Cambodia, Canada, Ghana, India, Indonesia, Myanmar, Pakistan, People's Republic of China, Soviet Union, Sri Lanka, United Arab Republic, United Kingdom, United States of America"
195.0,YEMEN WAR I,1962.0,1963.0,"speech, action, thought",0,"Egypt, Jordan, Mutawakkilite Kingdom of Yemen, Saudi Arabia, South Yemen, Soviet Union, United Nations, United States of America, Yemen, Yemen Arab Republic"
196.0,CUBAN MISSILES,1962.0,1962.0,", speech, action, thought",0,"Cuba, Soviet Union, United Nations, United States of America"
197.0,MALAYSIA FEDERATION,1963.0,1965.0,"action;speech, speech, action, thought",0,"British Borneo, Brunei, Indonesia, International Monetary Fund, Malaya, Malaysia, People's Republic of China, Philippines, Sarawak, Singapore, Soviet Union, United Kingdom, United Nations, United States of America"
198.0,DOMINICAN REPUBLIC-HAITI II,1963.0,1963.0,"speech, action, thought",0,"Dominican Republic, Haiti, Organization of American States, United Nations"
199.0,ALGERIA-MOROCCO BORDER,1963.0,1963.0,"speech, action, thought",0,"Algeria, Cuba, Egypt, Ethiopia, Mali, Morocco, Organisation of African Unity, Socialist Forces Front, United Arab Republic"
200.0,CUBA-VENEZUELA,1963.0,1963.0,", speech, action, thought",0,"Cuba, Organization of American States, Venezuela"
201.0,KENYA-SOMALIA,1963.0,1964.0,", speech, action, thought",0,"Ethiopia, Kenya, Organisation of African Unity, Somalia, Soviet Union, United Kingdom"
202.0,CYPRUS I,1963.0,1964.0,"speech, action, thought",0,"Greece, Greek Cypriots, NATO, Republic of Cyprus, Soviet Union, Turkey, United Kingdom, United Nations, United States of America"
203.0,JORDAN WATERS,1963.0,1964.0,", speech, action, thought",0,"Arab League, Egypt, Israel, Jordan, Lebanon, Syria"
204.0,DAHOMEY-NIGER,1963.0,1964.0,", speech, action, thought",0,"Benin, France, Gabon, Niger, Nigeria, Togo"
205.0,BURUNDI-RWANDA,1963.0,1964.0,"action;thought, speech, action, thought",10,"Burundi, Hutu, Organisation of African Unity, Rwanda, Tutsi, United Nations"
206.0,PANAMA FLAG,1964.0,1964.0,"speech, action, thought",0,"Organization of American States, Panama, United Nations, United States of America"
207.0,EAST AFRICA REBELLIONS,1964.0,1964.0,", speech, action, thought",0,"Kenya, Organisation of African Unity, Tanganyika, Tanzania, Uganda, United Kingdom"
208.0,OGADEN I,1964.0,1964.0,"speech, action, thought",0,"Djibouti, Ethiopia, Kenya, Organisation of African Unity, Somalia, Soviet Union, United Nations, United States of America"
209.0,YEMEN WAR II,1964.0,1964.0,"speech, action, thought",0,"Algeria, Egypt, Iraq, Mutawakkilite Kingdom of Yemen, Saudi Arabia, United Nations, United States of America, Yemen Arab Republic"
210.0,GULF OF TONKIN,1964.0,1964.0,"speech, action, thought",0,"Cambodia, NATO, North Vietnam, South Vietnam, Southeast Asia Treaty Organization, Soviet Union, Thailand, United Nations, United States of America"
211.0,CONGO II,1964.0,1964.0,"speech, action, thought",0,"Belgium, Burundi, Democratic Republic of the Congo, Mali, NATO, Organisation of African Unity, People's Republic of China, Republic of the Congo, Soviet Union, United Kingdom, United Nations, United States of America"
212.0,YEMEN WAR III,1964.0,1965.0,", speech, action, thought",0,"Algeria, Egypt, International Red Cross and Red Crescent Movement, Jordan, Kuwait, Mutawakkilite Kingdom of Yemen, Saudi Arabia, Soviet Union, Yemen Arab Republic"
213.0,PLEIKU,1965.0,1965.0,"speech, action, thought",10,"North Vietnam, South Vietnam, Soviet Union, United States of America"
214.0,RANN OF KUTCH,1965.0,1965.0,", speech, action, thought",0,"India, Pakistan, People's Republic of China, United Kingdom, United States of America"
215.0,DOMINICAN INTERVENTION,1965.0,1965.0,"speech, action, thought",0,"Dominican Republic, Organization of American States, United Nations, United States of America"
216.0,KASHMIR II,1965.0,1966.0,", speech, action, thought",0,"India, Pakistan, People's Republic of China, Soviet Union, United Nations, United States of America"
217.0,GUINEA REGIME,1965.0,1965.0,"speech, action, thought",0,"Democratic Republic of the Congo, France, Guinea, Ivory Coast"
218.0,RHODESIA'S UDI,1965.0,1966.0,"speech, action, thought",0,"Canada, Commonwealth Heads of Government Meeting, Commonwealth of Nations, Egypt, France, Kenya, Nigeria, Organisation of African Unity, People's Republic of China, Rhodesia, Southern Rhodesia, Soviet Union, Tanzania, United Kingdom, United Nations, United States of America, Zambia"
219.0,YEMEN WAR IV,1966.0,1967.0,"speech, action, thought",0,"Egypt, France, Israel, Jordan, Mutawakkilite Kingdom of Yemen, Saudi Arabia, Soviet Union, Sudan, Tunisia, United Kingdom, United Nations, Yemen, Yemen Arab Republic"
220.0,EL SAMU,1966.0,1966.0,", speech, action, thought",0,"Israel, Jordan, United Nations"
221.0,CHE GUEVARA-BOLIVIA,1967.0,1967.0,", speech, action, thought",10,"Argentina, Bolivia, Cuba, Organization of American States, United States of America, Ñancahuazú Guerrilla"
222.0,SIX DAY WAR,1967.0,1967.0,", speech, action, thought",0,"Bulgaria, Czechoslovakia, Egypt, Hungary, Israel, Jordan, Poland, Soviet Union, Syria, United Nations, United States of America, Yugoslavia"
223.0,CYPRUS II,1967.0,1967.0,"speech, action, thought",0,"Greece, Greek Cypriots, NATO, Republic of Cyprus, Turkey, Turkish Republic of Northern Cyprus, United Nations, United States of America"
224.0,PUEBLO,1968.0,1968.0,"speech, action, thought",0,"North Korea, South Korea, Soviet Union, United Nations, United States of America"
225.0,TET OFFENSIVE,1968.0,1968.0,"speech, action, thought",0,"North Vietnam, People's Republic of China, South Vietnam, Soviet Union, United Nations, United States of America"
226.0,KARAMEH,1968.0,1968.0,", speech, action, thought",0,"Israel, Jordan, Palestinian fedayeen, United Nations"
227.0,PRAGUE SPRING,1968.0,1968.0,"speech, action, thought",0,"Bulgaria, Czechoslovakia, German Democratic Republic, Hungary, NATO, Poland, Soviet Union, United States of America, Warsaw Pact, World Trade Organization"
228.0,ESSEQUIBO I,1968.0,1968.0,"speech, action, thought",0,"British Guiana, Guyana, United Kingdom, United Nations, Venezuela"
229.0,BEIRUT AIRPORT,1968.0,1969.0,", speech, action, thought",0,"Catholic Church, France, Israel, Lebanon, Palestinians, United Nations, United States of America"
230.0,VIETNAM SPRING OFFENSIVE,1969.0,1969.0,"speech, action, thought",0,"Cambodia, Central Treaty Organization, North Vietnam, South Vietnam, Southeast Asia Treaty Organization, United States of America"
231.0,USSURI RIVER,1969.0,1969.0,"speech, action, thought",10100,"People's Republic of China, Soviet Union, United States of America, Warsaw Pact"
232.0,WAR OF ATTRITION,1969.0,1970.0,"speech, action, thought",0,"Arab League, Egypt, France, Israel, Soviet Union, United Kingdom, United Nations, United States of America"
233.0,EC-121 SPY PLANE,1969.0,1969.0,"speech, action, thought",10,"North Korea, Soviet Union, United States of America"
234.0,SHATT-AL-ARAB II,1969.0,1969.0,", speech, action, thought",0,"Central Treaty Organization, Iran, Iraq, Jordan, Kuwait, Saudi Arabia"
235.0,FOOTBALL WAR,1969.0,1969.0,"speech, action, thought",1200,"Costa Rica, El Salvador, Guatemala, Honduras, International Court of Justice, Nicaragua, Organization of American States, United Nations, United States of America"
236.0,CAIRO AGREEMENT-PLO,1969.0,1969.0,"speech, action, thought",0,"Egypt, Jordan, Lebanon, Palestine Liberation Organization, Syria"
237.0,INVASION OF CAMBODIA,1970.0,1970.0,"speech, action, thought",0,"Cambodia, North Vietnam, People's Republic of China, South Vietnam, Soviet Union, United Nations, United States of America"
238.0,BLACK SEPTEMBER,1970.0,1970.0,"speech, action, thought",0,"Arab League, Egypt, Israel, Jordan, Palestine Liberation Organization, Palestinians, Soviet Union, Switzerland, Syria, United Kingdom, United States of America"
239.0,CIENFUEGOS SUBMARINE BASE,1970.0,1970.0,", speech, action, thought",0,"Cuba, Soviet Union, United States of America"
240.0,CONAKRY RAID,1970.0,1970.0,", speech, action, thought",0,"African Party for the Independence of Guinea and Cape Verde, Algeria, Egypt, Guinea, India, Ivory Coast, Kenya, Libya, Mali, Nigeria, Organisation of African Unity, People's Republic of China, Portugal, Senegal, Sierra Leone, Soviet Union, Tanzania, United Nations, United States of America, Zambia"
241.0,INVASION OF LAOS II,1971.0,1971.0,", speech, action, thought",0,"Canada, International Criminal Court, Laos, North Vietnam, South Vietnam, United Nations, United States of America, laos/pathet lao"
242.0,BANGLADESH,1971.0,1971.0,", speech, action, thought",0,"Bangladesh, India, Pakistan, People's Republic of China, Soviet Union, United Nations, United States of America"
243.0,CHAD-LIBYA I,1971.0,1972.0,"speech, action, thought",0,"Chad, FROLINAT, France, Libya, Niger"
244.0,CAPRIVI STRIP,1971.0,1971.0,"speech, action, thought",0,"South Africa, United Nations, Zambia"
245.0,TANZANIA-UGANDA I,1971.0,1971.0,"speech, action, thought",0,"Tanzania, Uganda"
246.0,VIETNAM PORTS MINING,1972.0,1972.0,"speech, action, thought",0,"North Vietnam, People's Republic of China, South Vietnam, Soviet Union, United States of America"
247.0,TANZANIA-UGANDA II,1972.0,1972.0,"speech, action, thought",0,"Organisation of African Unity, Somalia, Tanzania, Uganda"
248.0,NORTH-SOUTH YEMEN I,1972.0,1972.0,"speech, action, thought",0,"Algeria, Arab League, Kuwait, Libya, Mutawakkilite Kingdom of Yemen, Saudi Arabia, South Yemen, Soviet Union, Yemen, Yemen Arab Republic"
249.0,CHRISTMAS BOMBING,1972.0,1973.0,", speech, action, thought",100,"North Vietnam, South Vietnam, United States of America"
250.0,ZAMBIA RAID,1973.0,1973.0,"speech, action, thought",0,"Rhodesia, South Africa, United Nations, Zambia"
251.0,LIBYAN PLANE,1973.0,1973.0,"speech, action, thought",200,"France, Israel, Libya"
252.0,IRAQ INVASION-KUWAIT,1973.0,1973.0,", speech, action, thought",0,"Arab League, Iraq, Kuwait, Palestine Liberation Organization, Saudi Arabia, Soviet Union"
253.0,ISRAEL MOBILIZATION,1973.0,1973.0,", speech, action, thought",0,"Egypt, Iraq, Israel, Libya, Syria, United States of America"
254.0,COD WAR I,1973.0,1973.0,"speech, action, thought",0,"Council of Europe, Iceland, NATO, Norway, Soviet Union, United Kingdom, West Germany"
255.0,OCTOBER-YOM KIPPUR WAR,1973.0,1974.0,"action;speech, speech, action, thought",110,"Egypt, Israel, Jordan, Saudi Arabia, Soviet Union, Syria, United Nations, United States of America"
256.0,OMAN-SOUTH YEMEN,1973.0,1976.0,", action;speech, speech, action",0,"Arab League, Iran, Jordan, Kuwait, Oman, Saudi Arabia, South Yemen, Soviet Union, United Arab Emirates, United Kingdom, United States of America"
257.0,CYPRUS III,1974.0,1975.0,"speech, action, thought",2100,"EOKA B, Greece, NATO, Republic of Cyprus, Soviet Union, Turkey, United Kingdom, United Nations, United States of America"
258.0,FINAL NORTH VIETNAM OFFENSIVE,1974.0,1975.0,"speech, action, thought",0,"Cambodia, Khmer Rouge, North Vietnam, South Vietnam, United Nations, United States of America"
259.0,MAYAGUEZ,1975.0,1975.0,", speech, action, thought",0,"Cambodia, People's Republic of China, United Nations, United States of America"
260.0,WAR IN ANGOLA,1975.0,1976.0,"action;thought, speech, thought, action;speech, action",0,"Angola, Cuba, Democratic Republic of the Congo, Ivory Coast, Kenya, NATO, National Liberation Front of Angola, National Union for the Total Independence of Angola, Niger, North Korea, Organisation of African Unity, People's Movement for the Liberation of Angola, People's Republic of China, Portugal, Republic of the Congo, South Africa, Soviet Union, Tanzania, Uganda, United Kingdom, United Nations, United States of America, Yugoslavia, Zambia"
261.0,MOROCCAN MARCH,1975.0,1976.0,"speech, action, thought",0,"Algeria, Arab League, Egypt, International Court of Justice, Libya, Mauritania, Morocco, North Korea, Organisation of African Unity, Polisario Front, Soviet Union, Spain, Sweden, United Nations, United States of America"
262.0,BELIZE I,1975.0,1975.0,"speech, action, thought",0,"Belize, Chad, Guatemala, Libya, United Kingdom, United Nations"
263.0,COD WAR II,1975.0,1976.0,"speech, action, thought",0,"Iceland, NATO, Nordic Council, United Kingdom, United Nations"
264.0,EAST TIMOR I,1975.0,1976.0,", speech, action, thought",0,"East Timor, Indonesia, Portugal, United Nations"
265.0,LEBANON CIVIL WAR,1976.0,1976.0,"speech, action, thought",0,"Arab League, Israel, Lebanon, Palestine Liberation Organization, Soviet Union, Syria, United Nations, United States of America"
266.0,UGANDA CLAIMS,1976.0,1976.0,"speech, action, thought",0,"East African Community, Kenya, Organisation of African Unity, Sudan, Tanzania, Uganda, United Nations"
267.0,OPERATION THRASHER,1976.0,1976.0,"speech, action, thought",10,"Botswana, Mozambique, Organisation of African Unity, Rhodesia, Soviet Union, Tanzania, United African National Council, United Nations, United States of America, Zambia, Zimbabwe African National Liberation Army, Zimbabwe People's Revolutionary Army"
268.0,NOUAKCHOTT I,1976.0,1976.0,"action, thought",100,"Mauritania, Polisario Front"
269.0,IRAQI THREAT,1976.0,1976.0,"speech, action, thought",0,"France, Iran, Iraq, Israel, Syria"
270.0,ENTEBBE RAID,1976.0,1976.0,"speech, action, thought",0,"Israel, Kenya, Palestine Liberation Organization, Popular Front for the Liberation of Palestine – External Operations, Red Army Faction, Uganda"
271.0,SUDAN COUP ATTEMPT,1976.0,1976.0,"speech, action, thought",0,"Anyanya, Arab League, Chad, Egypt, France, Libya, Organisation of African Unity, Soviet Union, Sudan, Uganda, United States of America"
272.0,AEGEAN SEA I,1976.0,1976.0,"speech, action, thought",0,"Greece, International Court of Justice, Soviet Union, Turkey, United Nations, United States of America"
273.0,NAGOMIA RAID,1976.0,1976.0,"speech, action, thought",100,"Botswana, Mozambique, Rhodesia, Tanzania, United Nations, United States of America, Zambia, Zimbabwe African National Liberation Army, Zimbabwe People's Revolutionary Army, front-line states"
274.0,POPLAR TREE,1976.0,1976.0,"speech, action, thought",0,"Non-Aligned Movement, North Korea, South Korea, United Nations, United States of America"
275.0,SYRIA MOBILIZATION,1976.0,1976.0,"speech, action, thought",0,"Arab states, Israel, Lebanese National Movement, Lebanon, Palestine Liberation Organization, Saudi Arabia, Syria, United States of America"
276.0,OPERATION TANGENT,1976.0,1977.0,"speech, action, thought",0,"Botswana, Mozambique, Rhodesia, Soviet Union, United Nations"
277.0,SHABA I,1977.0,1977.0,"speech, action, thought",0,"Angola, Belgium, Cuba, Egypt, France, Front for the National Liberation of the Congo, Morocco, Nigeria, Portugal, Soviet Union, United States of America, Zaire"
278.0,MAPAI SEIZURE,1977.0,1977.0,"speech, action, thought",0,"Mozambique, Rhodesia, United Nations"
279.0,BELIZE II,1977.0,1977.0,"speech, action, thought",0,"Belize, Guatemala, United Kingdom, United Nations, United States of America"
280.0,NOUAKCHOTT II,1977.0,1977.0,"speech, action, thought",0,"Algeria, Mauritania, Morocco, Organisation of African Unity, Polisario Front, United Nations"
281.0,EGYPT-LIBYA CLASHES,1977.0,1977.0,"speech, action, thought",0,"Algeria, Arab League, Egypt, Israel, Kuwait, Libya, Organisation of African Unity, Palestine Liberation Organization, Soviet Union, Togo, United Nations, United States of America"
282.0,OGADEN II,1977.0,1978.0,"speech, action, thought",0,"Cuba, Eritrea, Ethiopia, Organisation of African Unity, Somalia, Soviet Union, United States of America, Western Somali Liberation Front"
283.0,RHODESIA RAID,1977.0,1978.0,"speech, action, thought",10,"Cuba, Organisation of African Unity, Rhodesia, Somalia, United Kingdom, United Nations, United States of America, Zambia, Zimbabwe African People's Union"
284.0,VIETNAM INVASION OF CAMBODIA1,1977.0,1979.0,"speech, action, thought",1000,"Albania, Australia, Cambodia, Communist Party of Thailand, Cuba, Denmark, Eastern Bloc, Indonesia, Japan, Laos, Malaysia, Myanmar, Norodom Sihanouk, North Korea, North Vietnam, People's Republic of China, Philippines, Soviet Union, Thailand, United Kingdom, United Nations, Vietnam"
285.0,FRENCH HOSTAGES MAURITANIA,1977.0,1977.0,"speech, action, thought",0,"Algeria, Austria, France, Mauritania, Polisario Front, United Nations"
286.0,CHIMOIO-TEMBUE RAIDS,1977.0,1978.0,"speech, action, thought",1000,"Angola, Mozambique, Nigeria, Organisation of African Unity, People's Republic of China, Rhodesia, Soviet Union, United Nations, Zimbabwe African National Liberation Army, Zimbabwe People's Revolutionary Army, front-line states"
287.0,BEAGLE CHANNEL I,1977.0,1978.0,"speech, action, thought",0,"Argentina, Chad, Chile, International Court of Justice, Libya"
288.0,CHAD-LIBYA II,1978.0,1978.0,"speech, action, thought",1100,"Chad, FROLINAT, France, Libya, Niger, Sudan, United Nations"
289.0,LITANI OPERATION,1978.0,1978.0,"speech, action, thought",20,"Israel, Lebanon, Palestine Liberation Organization, United Nations, United States of America"
290.0,CHAD-LIBYA III,1978.0,1978.0,"speech, action, thought",0,"Chad, FROLINAT, France, Libya, Niger, Organisation of African Unity"
291.0,CASSINGA INCIDENT,1978.0,1978.0,", speech, action, thought",1000,"Angola, Canada, France, South Africa, South-West Africa People's Organization, United Kingdom, United Nations, United States of America, West Germany"
292.0,SHABA II,1978.0,1978.0,", speech, thought, action, speech;thought",0,"Algeria, Angola, Belgium, Cuba, Democratic Republic of the Congo, France, Front for the National Liberation of the Congo, Libya, Morocco, People's Republic of China, Senegal, Soviet Union, United States of America, Zaire, Zambia"
293.0,AIR RHODESIA INCIDENT,1978.0,1978.0,"speech, action, thought",110,"India, Rhodesia, United Kingdom, United Nations, United States of America, Zambia, Zimbabwe African People's Union"
294.0,NICARAGUA CIVIL WAR II,1978.0,1979.0,"speech, action, thought",0,"Colombia, Costa Rica, Dominica, Dominican Republic, El Salvador, Guatemala, Honduras, Israel, Nicaragua, Organization of American States, Panama, Sandinista National Liberation Front, United States of America, Venezuela"
295.0,BEAGLE CHANNEL II,1978.0,1979.0,"action;speech, speech, action, thought",0,"Argentina, Chad, Chile, Libya, Organization of American States, Peru, United Nations, United States of America, Vatican City"
296.0,FALL OF AMIN,1978.0,1979.0,"speech, action, thought",0,"Arab League, Kenya, Libya, Nigeria, Organisation of African Unity, Soviet Union, Tanzania, Uganda, Uganda National Liberation Front, United Nations, Zambia"
297.0,ANGOLA INVASION SCARE,1978.0,1978.0,"speech, action, thought",0,"Angola, Cuba, German Democratic Republic, Namibia, South Africa, United Nations"
298.0,SINO-VIETNAM WAR,1978.0,1979.0,"speech, action, thought",0,"Cambodia, Norway, People's Republic of China, Portugal, Soviet Union, United Kingdom, United Nations, United States of America, Vietnam"
299.0,TAN TAN,1979.0,1979.0,", speech, action, thought",0,"Algeria, Mauritania, Morocco, Polisario Front"
300.0,RAIDS ON ZIPRA,1979.0,1979.0,"speech, action, thought",0,"Angola, Organisation of African Unity, Rhodesia, United Nations, Zambia, Zimbabwe African People's Union, Zimbabwe People's Revolutionary Army"
301.0,NORTH-SOUTH YEMEN II,1979.0,1979.0,"speech, action, thought",0,"Arab League, Cuba, Ethiopia, Iraq, Jordan, Kuwait, Mutawakkilite Kingdom of Yemen, Palestine Liberation Organization, Saudi Arabia, South Yemen, Soviet Union, Syria, United States of America, Yemen"
302.0,RAIDS ON SWAPO,1979.0,1979.0,"speech, action, thought",0,"Angola, South Africa, South-West Africa People's Organization, United Nations"
303.0,AFGHANISTAN INVASION,1979.0,1980.0,"speech, action, thought",0,"ASEAN, Afghanistan, Egypt, European Communities, Islamic Unity of Afghanistan Mujahideen, NATO, Non-Aligned Movement, Organisation of Islamic Cooperation, Pakistan, People's Republic of China, Soviet Union, United Nations, United States of America"
304.0,CHAD-LIBYA IV,1979.0,1979.0,"speech, action, thought",0,"Benin, Cameroon, Central African Republic, Chad, FROLINAT, France, Liberia, Libya, Niger, Nigeria, Organisation of African Unity, Senegal, Sudan, United Nations"
305.0,GOULIMIME-TARFAYA ROAD,1979.0,1979.0,"speech, action, thought",20,"Algeria, Morocco, Organisation of African Unity, Polisario Front, Soviet Union, United Nations, United States of America"
306.0,SOVIET THREAT-PAKISTAN,1979.0,1979.0,"speech, action, thought",0,"Afghanistan, Islamic Unity of Afghanistan Mujahideen, Pakistan, Soviet Union, United States of America"
307.0,RHODESIA SETTLEMENT,1979.0,1980.0,"speech, action, thought",10,"Botswana, Commonwealth of Nations, Mozambique, Rhodesia, Soviet Union, Tanzania, United Kingdom, United Nations, United States of America, Zambia, Zimbabwe, Zimbabwe African National Union, Zimbabwe People's Revolutionary Army, Zimbabwe Rhodesia"
308.0,RAID ON ANGOLA,1979.0,1979.0,"speech, action, thought",0,"Angola, South Africa, United Nations"
309.0,US HOSTAGES IN IRAN,1979.0,1981.0,"speech, action, thought",0,"Algeria, Germany, International Court of Justice, Iran, Iraq, Palestine Liberation Organization, Switzerland, United Nations, United States of America, Vatican City"
310.0,COLOMBIA-NICARAGUA,1979.0,1981.0,"speech, action, thought",0,"Colombia, Nicaragua, United States of America"
311.0,RAID ON GAFSA,1980.0,1980.0,"speech, action, thought",20,"Arab League, France, Jordan, Kuwait, Libya, Organisation of African Unity, Syria, Tunisia, United States of America, western and arab states"
312.0,OPERATION IMAN,1980.0,1980.0,"speech, action, thought",1010,"Algeria, Libya, Mauritania, Morocco, North Korea, Polisario Front, South Africa"
313.0,OPERATION SMOKESHELL,1980.0,1980.0,"speech, action, thought",0,"Angola, Cuba, South Africa, Soviet Union, United Nations, United States of America"
314.0,LIBYA THREAT-SADAT,1980.0,1980.0,"speech, action, thought",0,"Arab League, Egypt, Libya, Organisation of African Unity, United Nations, United States of America"
315.0,SOLIDARITY,1980.0,1981.0,", speech, action, thought",0,"Czechoslovakia, European Solidarity, German Democratic Republic, Poland, Soviet Union"
316.0,LIBYA-MALTA OIL DISPUTE,1980.0,1980.0,"speech, action, thought",0,"International Court of Justice, Italy, Libya, Malta, United Nations"
317.0,ONSET IRAN-IRAQ WAR,1980.0,1980.0,"action;speech, speech, action, thought",0,"Australia, France, Iran, Iraq, Israel, Libya, Non-Aligned Movement, North Korea, Organisation of Islamic Cooperation, Pakistan, Soviet Union, Syria, United Kingdom, United Nations, United States of America"
318.0,LIBYA INTERVENTION IN THE GAMBIA,1980.0,1980.0,"speech, action, thought",0,"Chad, Gambia, Gambia Socialist Revolutionary Party, Libya, Mali, Movement for Justice in Africa, Niger, Senegal, gambian rebels"
319.0,JORDAN-SYRIA CONFRONTATION,1980.0,1980.0,"speech, action, thought",0,"Jordan, Palestine Liberation Organization, Saudi Arabia, Syria"
320.0,EAST AFRICA CONFRONTATION,1980.0,1981.0,"speech, action, thought",0,"Ethiopia, Kenya, Somalia, United States of America"
321.0,CHAD-LIBYA V,1981.0,1981.0,"speech, action, thought",0,"Armed Forces of the North, Chad, Egypt, FROLINAT, France, Libya, Mali, Niger, Nigeria, Organisation of African Unity, People's Armed Forces, Sudan, United States of America"
322.0,ECUADOR-PERU BORDER III,1981.0,1981.0,"speech, action, thought",0,"Argentina, Brazil, Chile, Colombia, Ecuador, Organization of American States, Peru, United States of America, Venezuela"
323.0,MOZAMBIQUE RAID,1981.0,1981.0,"speech, action, thought",10,"Mozambique, South Africa, Soviet Union"
324.0,IRAQ NUCLEAR REACTOR,1981.0,1981.0,"speech, action, thought",0,"France, Iraq, Israel, Syria, United States of America"
325.0,ESSEQUIBO II,1981.0,1983.0,"speech, action, thought",0,"Cuba, Guyana, Organization of American States, United Kingdom, United Nations, Venezuela"
326.0,CONTRAS I,1981.0,1981.0,"speech, action, thought",0,"Contras, Honduras, Nicaragua, United States of America"
327.0,AL-BIQA MISSILES I,1981.0,1981.0,"speech, action, thought",0,"Israel, Lebanon, Palestine Liberation Organization, Saudi Arabia, Soviet Union, Syria, United States of America"
328.0,CAMEROON-NIGERIA I,1981.0,1981.0,"speech, action, thought",0,"Cameroon, International Court of Justice, Kenya, Nigeria, Organisation of African Unity"
329.0,COUP ATTEMPT IN THE GAMBIA,1981.0,1982.0,"speech, action, thought",0,"Gambia, Senegal"
330.0,GULF OF SYRTE I,1981.0,1981.0,", speech, action, thought",0,"Libya, United States of America"
331.0,OPERATION PROTEA,1981.0,1981.0,"speech, action, thought",0,"Angola, Cuba, South Africa, South-West Africa People's Organization, United Nations"
332.0,GALTAT ZEMMOUR I,1981.0,1981.0,"speech, action, thought",0,"Algeria, Libya, Mauritania, Morocco, Organisation of African Unity, Polisario Front, Soviet Union, United States of America"
333.0,U-137 INCIDENT,1981.0,1981.0,"speech, action, thought",0,"Soviet Union, Sweden"
334.0,COUP ATTEMPT IN BAHRAIN,1981.0,1982.0,"speech, action, thought",0,"Bahrain, Iran, Iraq, Oman, Qatar, Saudi Arabia, United Arab Emirates, United States of America"
335.0,KHORRAMSHAHR,1982.0,1982.0,"speech, action, thought",0,"Algeria, Cooperation Council for the Arab States of the Gulf, France, Iran, Iraq, Organisation of Islamic Cooperation, Saudi Arabia, Soviet Union, Sudan, United Nations, United States of America"
336.0,FALKLANDS/MALVINAS,1982.0,1982.0,"speech, action, thought",100,"Argentina, European Communities, Organization of American States, Soviet Union, United Kingdom, United Nations, United States of America"
337.0,WAR IN LEBANON,1982.0,1983.0,"speech, action, thought",10,"Arab League, France, Israel, Italy, Lebanon, Palestine Liberation Organization, Soviet Union, Syria, United Kingdom, United Nations, United States of America"
338.0,OGADEN III,1982.0,1982.0,"speech, action, thought",0,"Ethiopia, Organisation of African Unity, Somalia, United Nations, United States of America"
339.0,LESOTHO RAID,1982.0,1982.0,"speech, action, thought",20,"African National Congress, Angola, Lesotho, South Africa, United Nations, Zambia"
340.0,LIBYA THREAT TO SUDAN,1983.0,1983.0,"speech, action, thought",0,"Egypt, Libya, National Revolutionary Command Council, Sudan, United Nations, United States of America"
341.0,CHAD-NIGERIA CLASHES,1983.0,1983.0,"speech, action, thought",20,"Chad, Nigeria"
342.0,CHAD-LIBYA VI,1983.0,1984.0,"speech, action, thought",0,"Chad, France, Libya, Organisation of African Unity, People's Armed Forces, Republic of the Congo, Soviet Union, United Nations, United States of America, Zaire"
343.0,INVASION OF GRENADA,1983.0,1983.0,"speech, action, thought",0,"Caribbean Community Secretariat, Cuba, Grenada, Nicaragua, Organisation of Eastern Caribbean States, Soviet Union, United Nations, United States of America"
344.0,ABLE ARCHER 83,1983.0,1983.0,"speech, action, thought",100110,"Lebanon, NATO, South Korea, Soviet Union, United States of America, international community"
345.0,MAITENGWE CLASHES,1983.0,1983.0,"speech, action, thought",0,"Botswana, Zimbabwe, Zimbabwe African National Union, Zimbabwe African People's Union"
346.0,ETHIOPIA-SUDAN TENSION,1983.0,1984.0,"speech, action, thought",0,"Cuba, Ethiopia, Iran, Libya, Soviet Union, Sudan"
347.0,OPERATION ASKARI,1983.0,1984.0,"speech, action, thought",0,"Angola, Cuba, Namibia, South Africa, South-West Africa People's Organization, Soviet Union, United Nations, United States of America, Zambia"
348.0,BASRA-KHARG ISLAND,1984.0,1984.0,", speech, action, thought",0,"France, Iran, Iraq, Kuwait, Saudi Arabia, Soviet Union, United Nations, United States of America"
349.0,AEGEAN SEA II,1984.0,1984.0,"speech, action, thought",0,"Greece, NATO, Turkey"
350.0,OMDURMAN BOMBING,1984.0,1984.0,"speech, action, thought",0,"Egypt, Libya, Soviet Union, Sudan, United Nations, United States of America"
351.0,VIETNAM INCURSION INTO THAILAND,1984.0,1984.0,"speech, action, thought",0,"Cambodia, Thailand, United Nations, United States of America, Vietnam"
352.0,SINO-VIETNAM CLASHES,1984.0,1984.0,"speech, action, thought",200,"Cambodia, People's Republic of China, Soviet Union, Thailand, United States of America, Vietnam"
353.0,THREE VILLAGE BORDER I,1984.0,1984.0,"speech, action, thought",0,"Laos, Thailand, United Nations, Vietnam"
354.0,NICARAGUA MIG-21S,1984.0,1984.0,"speech, action, thought",0,"Nicaragua, Soviet Union, United Nations, United States of America"
355.0,BOTSWANA RAID,1985.0,1985.0,"speech, action, thought",0,"African National Congress, Angola, Botswana, Lesotho, Mozambique, South Africa, United States of America, Zambia, Zimbabwe"
356.0,EXPULSION OF TUNISIANS,1985.0,1985.0,"speech, action, thought",0,"Algeria, Egypt, Libya, Tunisia, United States of America"
357.0,AL-BIQA MISSILES II,1985.0,1986.0,"speech, action, thought",0,"Israel, Syria, United States of America"
358.0,EGYPT AIR HIJACKING,1985.0,1985.0,"speech, action, thought",10,"Abu Nidal Organization, Egypt, Greece, Libya, Malta, United States of America"
359.0,BURKINA FASO-MALI BORDER,1985.0,1986.0,"speech, action, thought",200,"Burkina Faso, International Court of Justice, Libya, Mali, Nigeria, Organisation of African Unity"
360.0,SOUTH AFRICA RAID ON LESOTHO,1985.0,1986.0,"speech, action, thought",0,"Lesotho, South Africa, Soviet Union, United Kingdom, United Nations, United States of America"
361.0,CAPTURE OF AL-FAW,1986.0,1986.0,"speech, action, thought",10000,"Iran, Iraq, Kuwait, Saudi Arabia, United Nations"
362.0,CHAD-LIBYA VII,1986.0,1986.0,"speech, action, thought",0,"Chad, Democratic Republic of the Congo, France, Libya, Nigeria, Organisation of African Unity, Soviet Union, Togo, Transitional Government of National Unity, United Nations, United States of America, Zaire"
363.0,GULF OF SYRTE II,1986.0,1986.0,"speech, action, thought",100,"Arab League, European Communities, France, Germany, Libya, United Nations, United States of America, West Germany"
364.0,AL-DIBAL INCIDENT,1986.0,1986.0,"speech, action, thought",0,"Bahrain, Kuwait, Netherlands, Oman, Qatar, Saudi Arabia, United Arab Emirates"
365.0,SOUTH AFRICA CROSS BORDER RAID,1986.0,1986.0,"speech, action, thought",0,"African National Congress, Arab League, Botswana, South Africa, Soviet Union, United Nations, United States of America, Zambia, Zimbabwe, international community"
366.0,REBEL ATTACK ON UGANDA,1986.0,1987.0,"speech, action, thought",100000,"Chad, Ethiopia, Kenya, Libya, Sudan, Tanzania, Uganda"
367.0,MOZAMBIQUE ULTIMATUM,1986.0,1986.0,"speech, action, thought",0,"African National Congress, Malawi, Mozambique, RENAMO, Zimbabwe"
368.0,ATTEMPTED COUP IN TOGO,1986.0,1987.0,"speech, action, thought",0,"Benin, Burkina Faso, France, Germany, Ghana, Ivory Coast, Liberia, Morocco, Niger, Organisation of African Unity, Togo, Togoland, Zaire"
369.0,CONTRAS II,1986.0,1986.0,"speech, action, thought",0,"Honduras, Nicaragua, United Nations, United States of America"
370.0,CHAD-LIBYA VIII,1986.0,1987.0,"speech, action, thought",110,"Algeria, Arab League, Chad, France, International Court of Justice, Libya, Nigeria, Organisation of African Unity, People's Armed Forces, Soviet Union, Transitional Government of National Unity, United States of America, Zaire"
371.0,SINO-VIETNAM BORDER,1987.0,1987.0,"speech, action, thought",3100,"Cambodia, People's Republic of China, Vietnam"
372.0,PUNJAB WAR SCARE II,1987.0,1987.0,", speech, action, thought",0,"Egypt, India, Pakistan"
373.0,TODGHERE INCIDENT,1987.0,1987.0,"speech, action, thought",20,"Ethiopia, Somali National Movement, Somali Salvation Democratic Front, Somalia, Western Somali Liberation Front"
374.0,SYRIA INTERVENTION IN LEBANON,1987.0,1987.0,"speech, action, thought",20,"Hezbollah, Iran, Israel, Lebanon, Palestine Liberation Organization, Syria"
375.0,SAND WALL,1987.0,1987.0,"speech, action, thought",0,"Algeria, Mauritania, Morocco, Organisation of African Unity, Sahrawi Arab Democratic Republic, Saudi Arabia"
376.0,AEGEAN SEA III,1987.0,1987.0,"speech, action, thought",0,"Greece, NATO, Turkey, United States of America"
377.0,CAMEROON-NIGERIA II,1987.0,1987.0,"speech, action, thought",0,"Cameroon, Nigeria"
378.0,INDIA INTERVENTION IN SRI LANKA,1987.0,1987.0,"speech, action, thought",0,"India, Liberation Tigers of Tamil Eelam, Sri Lanka, Tamil people"
379.0,MECCA PILGRIMAGE,1987.0,1987.0,"speech, action, thought",0,"Iran, Saudi Arabia, United Nations, United States of America"
380.0,SOUTH AFRICA INTERVENTION IN ANGOLA,1987.0,1988.0,"speech, action, thought",0,"Angola, Cuba, Namibia, South Africa, Soviet Union, United Nations, United States of America"
381.0,THREE VILLAGE BORDER II,1987.0,1988.0,"speech, action, thought",0,"Chad, Laos, Libya, Thailand, United Nations"
382.0,KENYA-UGANDA BORDER,1987.0,1987.0,"speech, action, thought",20,"Kenya, Uganda"
383.0,CONTRAS III,1988.0,1988.0,"speech, action, thought",0,"Contras, Costa Rica, Honduras, Nicaragua, Organization of American States, United Nations, United States of America"
384.0,SPRATLY ISLANDS I,1988.0,1988.0,"speech, action, thought",0,"France, Malaysia, People's Republic of China, Philippines, Vietnam"
385.0,IRAQ RECAPTURE OF AL-FAW,1988.0,1988.0,"speech, action, thought",0,"Iran, Iraq, Kuwait, United Nations, United States of America"
386.0,LIBYAN JETS,1988.0,1989.0,"speech, action, thought",100,"Arab League, European Communities, Libya, Organisation of Islamic Cooperation, United Kingdom, United Nations, United States of America"
387.0,MAURITANIA-SENEGAL,1989.0,1991.0,"action, thought",10,"France, Iraq, Mauritania, Organisation of African Unity, Senegal, Syria, United Nations"
388.0,CAMBODIA PEACE CONFERENCE,1989.0,1990.0,"speech, action, thought",0,"Australia, Cambodia, Canada, Coalition Government of Democratic Kampuchea, France, India, Indonesia, Japan, Khmer People's National Liberation Front, Khmer Rouge, Laos, Malaysia, People's Republic of China, Soviet Union, Thailand, United Nations, United States of America, Vietnam"
389.0,CONTRAS IV,1989.0,1989.0,"speech, action, thought",10,"Contras, Costa Rica, El Salvador, Guatemala, Honduras, Nicaragua, Organization of American States, United Nations"
390.0,GALTAT ZEMMOUR II,1989.0,1989.0,"speech, action, thought",0,"Algeria, Libya, Morocco, Polisario Front, Sahrawi Arab Democratic Republic, Tunisia"
391.0,INVASION OF PANAMA,1989.0,1990.0,"speech, action, thought",0,"France, Mauritania, Panama, Senegal, United Nations, United States of America"
392.0,KASHMIR III-NUCLEAR CONFRONTATION,1990.0,1990.0,", speech, action, thought",10,"India, Jammu Kashmir Liberation Front, Kashmir, Pakistan, United Nations, United States of America"
393.0,GULF WAR,1990.0,1991.0,"action;speech, speech, action, thought",10,"Arab League, Arab states, Cooperation Council for the Arab States of the Gulf, Council of Europe, Egypt, France, Iran, Iraq, Israel, Kuwait, NATO, People's Republic of China, Saudi Arabia, Soviet Union, State of Palestine, Syria, United Arab Emirates, United Kingdom, United Nations, United States of America"
394.0,RWANDA-UGANDA,1990.0,1991.0,"speech, action, thought",0,"Belgium, France, Kenya, Organisation of African Unity, Rwanda, Rwandan Patriotic Front, Tanzania, Uganda, United Nations, Zaire"
395.0,LIBERIA-SIERRA LEONE,1991.0,1991.0,"speech, action, thought",2010,"Burkina Faso, Economic Community of West African States, Gambia, Ivory Coast, Liberia, National Patriotic Front of Liberia, Nigeria, Sierra Leone, Togo, United States of America"
396.0,GHANA-TOGO BORDER II,1991.0,1991.0,"speech, action, thought",0,"Germany, Ghana, Togo, Togoland"
397.0,YUGOSLAVIA I: CROATIA-SLOVENIA,1991.0,1992.0,", speech, thought, action;speech, action",200,"Bosnia and Herzegovina, Croatia, European Communities, Italy, Luxembourg, Netherlands, Organization for Security and Co-operation in Europe, Republic of Serbian Krajina, Serbia, Slovenia, United Nations, United States of America, Yugoslavia"
398.0,BUBIYAN,1991.0,1991.0,"speech, action, thought",0,"Iraq, Kuwait, United Nations, United States of America"
399.0,FOREIGN INTERVENTION IN ZAIRE,1991.0,1991.0,"speech, action, thought",0,"Belgium, France, United States of America, Zaire"
400.0,ECUADOR-PERU BORDER IV,1991.0,1991.0,"speech, action, thought",10,"Argentina, Brazil, Catholic Church, Chile, Ecuador, Peru, United States of America"
401.0,NAGORNYY-KARABAKH,1991.0,1992.0,"speech, action, thought",0,"Armenia, Azerbaijan, Belarus, Czechoslovakia, France, Germany, Iran, Italy, Nagorno-Karabakh, Organization for Security and Co-operation in Europe, Russia, Soviet Union, Sweden, Turkey, United Nations, United States of America"
402.0,EGYPT-SUDAN BORDER II,1992.0,1992.0,"speech, action, thought",0,"Canada, Egypt, Sudan, United Nations"
403.0,YUGOSLAVIA II: BOSNIA1,1992.0,1995.0,"action;speech, speech, action, thought",20,"Belgium, Bosnia and Herzegovina, Bosniaks, Commission on Security and Cooperation in Europe, Croatia, Croats of Bosnia and Herzegovina, Czechoslovakia, European Communities, European Union, Finland, France, Hungary, Italy, NATO, Poland, Russia, Serbia, Serbia and Montenegro, Serbs of Bosnia and Herzegovina, Slovenia, Spain, United Kingdom, United Nations, United States of America, Western world, Yugoslavia, international community"
404.0,PAPUA NEW GUINEA-SOLOMON,1992.0,1992.0,"speech, action, thought",0,"Australia, Bougainville, Canada, Japan, New Zealand, Papua New Guinea, Solomon Islands, Taiwan"
405.0,SLEEPING DOG HILL,1992.0,1992.0,"speech, action, thought",0,"Myanmar, Thailand"
406.0,IRAQ NO-FLY ZONE,1992.0,1992.0,"speech, action, thought",0,"Algeria, Arab League, France, Iraq, Jordan, Libya, Russia, Sudan, Syria, United Kingdom, United Nations, United States of America, Yemen"
407.0,GEORGIA-ABKHAZIA,1992.0,1993.0,"speech, action, speech;thought, thought",0,"Abkhazia, Armenia, Azerbaijan, Commonwealth of Independent States, Georgia, Russia, Soviet Union, United Nations"
408.0,NORTH KOREA NUCLEAR I1,1993.0,1994.0,"speech, action, thought",0,"International Atomic Energy Agency, Japan, Korean Peninsula Energy Development Organization, North Korea, People's Republic of China, South Korea, Soviet Union, United Nations, United States of America"
409.0,OPERATION ACCOUNTABILITY,1993.0,1993.0,"speech, action, thought",0,"Hezbollah, Israel, Lebanon, Syria, United Nations, United States of America"
410.0,CAMEROON-NIGERIA III,1993.0,1994.0,"speech, action, thought",10,"Cameroon, Chad, France, International Court of Justice, Libya, Nigeria, Organisation of African Unity, Togo, United Nations"
411.0,HAITI MILITARY REGIME,1994.0,1994.0,"speech, action, thought",0,"France, Haiti, Member states of the United Nations, Spain, United Nations, United States of America"
412.0,IRAQ TROOP DEPLOYMENT-KUWAIT,1994.0,1994.0,"speech, action, thought",0,"Arab League, Cooperation Council for the Arab States of the Gulf, Egypt, France, Iraq, Jordan, Kuwait, Russia, Saudi Arabia, Syria, Turkey, United Kingdom, United Nations, United States of America"
413.0,ECUADOR-PERU V,1995.0,1995.0,"speech, action, thought",0,"Argentina, Brazil, Chile, Ecuador, Peru, United States of America, Uruguay"
414.0,SPRATLY ISLANDS II,1995.0,1995.0,"speech, action, thought",0,"People's Republic of China, Philippines, Vietnam"
415.0,TAIWAN STRAIT IV,1995.0,1996.0,"speech, action, thought",0,"People's Republic of China, Taiwan, United Nations, United States of America"
416.0,RED SEA ISLANDS,1995.0,1995.0,"speech, action, thought",0,"Chad, Eritrea, Libya, Permanent Court of Arbitration, United Nations, Yemen"
417.0,AEGEAN SEA IV,1996.0,1996.0,"speech, action, thought",0,"Greece, Russia, Turkey, United States of America"
418.0,OPERATION GRAPES OF WRATH,1996.0,1996.0,"speech, action, thought",100,"Arab League, Egypt, European Communities, France, Hezbollah, Iran, Israel, Italy, Lebanon, Russia, Syria, United Nations, United States of America"
419.0,DESERT STRIKE,1996.0,1996.0,"speech, action, thought",0,"Egypt, France, Iran, Iraq, Kurdistan Democratic Party, Patriotic Union of Kurdistan, Saudi Arabia, Turkey, United Kingdom, United Nations, United States of America"
420.0,NORTH KOREAN SUBMARINE,1996.0,1996.0,"speech, action, thought",20,"North Korea, South Korea, United Nations, United States of America"
421.0,ZAIRE CIVIL WAR,1996.0,1997.0,"speech, action, thought",1000,"Alliance of Democratic Forces for the Liberation of Congo, Banyamulenge, Belgium, Bosnia and Herzegovina, Burundi, France, Hutu, Interahamwe, Libya, Morocco, Rwanda, Serbia, South Africa, Spain, Sudan, Tutsi, Uganda, United Nations, United States of America, Zaire"
422.0,UNSCOM I,1997.0,1998.0,"speech, action, thought",0,"International Atomic Energy Agency, Iraq, Russia, United Kingdom, United Nations, United States of America"
423.0,CYPRUS-TURKEY MISSILE CRISIS,1998.0,1998.0,"speech, action, thought",0,"European Union, Greece, Republic of Cyprus, Russia, Turkey, United Nations, United States of America"
424.0,ETHIOPIA-ERITREA,1998.0,2000.0,"speech, action, thought",0,"Democratic Republic of the Congo, Djibouti, Eritrea, Ethiopia, Organisation of African Unity, Rwanda, United Nations, United States of America"
425.0,INDIA-PAKISTAN NUCLEAR TESTS,1998.0,1998.0,", speech, action, thought",0,"Canada, Germany, India, Japan, Pakistan, People's Republic of China, United States of America"
426.0,DRC CIVIL WAR,1998.0,2002.0,", speech, action, thought",0,"Angola, Chad, Democratic Republic of the Congo, Hutu, Namibia, Rwanda, South Africa, Uganda, United Nations, Zambia, Zimbabwe"
427.0,US EMBASSY BOMBINGS,1998.0,1998.0,"speech, action, thought",120,"Afghanistan, Al-Qaeda, Kenya, Sudan, Taliban, Tanzania, United Nations, United States of America"
428.0,SYRIA-TURKEY,1998.0,1998.0,"speech, action, thought",0,"Egypt, Iran, Israel, Kurdistan Workers' Party, Lebanon, Syria, Turkey"
429.0,UNSCOM II OPERATION DESERT FOX,1998.0,1998.0,"speech, action, thought",0,"Iraq, United Kingdom, United Nations, United States of America"
430.0,KOSOVO,1999.0,1999.0,"speech, action, thought",0,"Albania, Belgium, Canada, Finland, France, Germany, Italy, Kosovo, NATO, Netherlands, People's Republic of China, Portugal, Russia, Serbia, Serbia and Montenegro, Spain, United Kingdom, United Nations, United States of America"
431.0,KASHMIR IV KARGIL,1999.0,1999.0,"speech, action, thought",0,"India, Kashmir, Pakistan, United Nations, United States of America"
432.0,EAST TIMOR II,1999.0,1999.0,"speech, action, thought",0,"Australia, East Timor, Indonesia, Pro-Indonesia militia, United Nations, United States of America"
433.0,CASPIAN SEA,2001.0,2001.0,"speech, action, thought",0,"Azerbaijan, BP, Iran, Kazakhstan, Russia, Soviet Union, Turkmenistan, petroleum industry"
434.0,AFGHANISTAN-USA,2001.0,2001.0,"speech, action, thought",0,"Afghanistan, Al-Qaeda, Iran, Northern Alliance, Pakistan, Russia, Tajikistan, Taliban, United Kingdom, United Nations, United States of America"
435.0,INDIAN PARLIAMENT ATTACK,2001.0,2002.0,"speech, action, thought",10,"India, Jaish-e-Mohammed, Pakistan, United Kingdom, United States of America"
436.0,KALUCHAK,2002.0,2002.0,", speech, action, thought",20,"India, Kashmir, Pakistan, Russia, United Kingdom, United Nations, United States of America"
437.0,MYANMAR-THAILAND,2002.0,2002.0,", speech, action, thought",20,"Myanmar, Shan State Army, Thailand"
438.0,PARSLEY ISLAND,2002.0,2002.0,"action;speech, speech, action, thought",0,"Morocco, Polisario Front, Spain, United States of America"
439.0,PANKISI GORGE,2002.0,2002.0,"speech, action, thought",0,"Abkhazia, Georgia, Russia, United States of America"
440.0,IRAQ REGIME CHANGE,2002.0,2003.0,"speech, action, speech;thought, thought",0,"Afghanistan, France, Germany, Iran, Iraq, North Korea, Russia, Spain, United Kingdom, United Nations, United States of America"
441.0,NORTH KOREA NUCLEAR II,2002.0,2004.0,"speech, action, thought",0,"European Union, International Atomic Energy Agency, Japan, Korean Peninsula Energy Development Organization, North Korea, People's Republic of China, Russia, South Korea, United Nations, United States of America"
442.0,IRAN NUCLEAR I,2003.0,2004.0,"speech, action, thought",0,"European Union, France, Germany, International Atomic Energy Agency, Iran, United Kingdom, United States of America"
443.0,HAIFA SUICIDE BOMBING,2003.0,2003.0,"speech, action, thought",10,"Hamas, Islamic Jihad Movement in Palestine, Israel, Syria, United Nations, United States of America, international community"
444.0,DRC-RWANDA,2004.0,2004.0,"speech, action, thought",0,"African Union, Democratic Republic of the Congo, European Union, Hutu, Nigeria, Rally for Congolese Democracy, Rwanda, Tutsi, United Nations, United States of America"
445.0,SOUTH OSSETIA-ABKHAZIA,2004.0,2004.0,"speech, action, thought",0,"Abkhazia, Georgia, Russia, South Ossetia, United States of America"
446.0,ETHIOPIA-ERITREA II,2005.0,2006.0,"speech, action, thought",0,"Canada, Eritrea, Ethiopia, European Union, Russia, United Nations, United States of America"
447.0,CHAD-SUDAN I,2005.0,2006.0,"speech, action, thought",100,"African Union, Chad, Organisation of Islamic Cooperation, Sudan"
448.0,IRAN NUCLEAR II,2006.0,2007.0,"speech, action, speech;thought, thought",0,"European Union, France, Germany, International Atomic Energy Agency, Iran, NATO, Russia, United Kingdom, United Nations, United States of America"
449.0,CHAD-SUDAN II,2006.0,2006.0,"speech, action, thought",0,"African Union, Chad, Democratic Republic of the Congo, France, Gabon, Libya, Republic of the Congo, Senegal, Sudan, United Front for Democratic Change, United Nations, United States of America"
450.0,NORTH KOREA NUCLEAR III,2006.0,2007.0,"speech, action, thought",0,"Australia, Banco Delta Asia, Daedong Credit Bank, Ethiopia, International Atomic Energy Agency, Japan, Korean Peninsula Energy Development Organization, Mongolia, North Korea, People's Republic of China, Russia, Singapore, South Korea, United Nations, United States of America, Vietnam"
451.0,ISRAEL-LEBANON WAR II,2006.0,2006.0,"speech, action, thought",10050,"European Union, Hezbollah, Israel, Lebanon, State of Palestine, United Nations, United States of America, World Bank"
452.0,ETHIOPIA INVASION SOMALIA,2006.0,2007.0,"speech, action, thought",0,"African Union, Arab League, Ethiopia, Intergovernmental Authority on Development, Islamic Courts Union, Somalia, Sudan, United Nations, United States of America, Yemen"
453.0,CHAD-SUDAN III,2007.0,2007.0,"speech, action, thought",330,"African Union, Chad, Community of Sahel-Saharan States, Egypt, Eritrea, Janjaweed, Libya, People's Republic of China, Saudi Arabia, South Africa, Sudan, United Nations, United States of America"
454.0,ETHIOPIA-ERITREA III,2007.0,2007.0,"action;thought, speech, action, thought",0,"Eritrea, Ethiopia, Somalia, United Nations, United States of America"
455.0,CHAD-SUDAN IV1,2007.0,2008.0,"speech, action, thought",0,"African, African Union, Caribbean and Pacific Group of States, Chad, Community of Sahel-Saharan States, Egypt, Eritrea, European Union, France, Gabon, Iran, Justice and Equality Movement, Libya, Mauritania, Organisation of Islamic Cooperation, Rally of Democratic Forces, Republic of the Congo, Senegal, Sudan, Union of Forces for Democracy and Development, Union of Forces for Democracy and Development–Fundamental, United Kingdom, United Nations, United States of America"
456.0,DjiboutiâEritrea1,2008.0,2008.0,"speech, action, thought",20,"African Union, Arab League, Djibouti, Eritrea, Ethiopia, France, Italy, United Nations, Yemen"
457.0,Preah Vihear Temple I1,2008.0,2009.0,"speech, action, thought",0,"ASEAN, Cambodia, Indonesia, International Court of Justice, Thailand, United Nations"
458.0,Russo-Georgian War1,2008.0,2008.0,"speech, action, thought",0,"Abkhazia, European Union, Finland, Georgia, Organization for Security and Co-operation in Europe, Russia, South Ossetia, United Nations"
459.0,North Korea Nuclear IV: Satellite Launch1,2009.0,2009.0,"speech, action, thought",0,"European Union, International Atomic Energy Agency, Japan, North Korea, People's Republic of China, Russia, South Korea, United Nations, United States of America"
460.0,Chad-Sudan V1,2009.0,2010.0,"speech, action, thought",200,"African Union, Chad, Community of Sahel-Saharan States, Eritrea, European Union, France, Gabon, Justice and Equality Movement, Libya, Organisation of Islamic Cooperation, Qatar, Rally of Democratic Forces, Senegal, Sudan, Union of Forces for Democracy and Development, Union of Forces for Democracy and Development–Fundamental, Union of Resistance Forces, United Kingdom, United Nations, United States of America"
461.0,Cheonan Sinking1,2010.0,2010.0,"speech, action, thought",10,"Australia, North Korea, People's Republic of China, Russia, South Korea, Sweden, United Kingdom, United Nations, United States of America"
462.0,Yeonpyeong Island1,2010.0,2011.0,"speech, action, thought",0,"Australia, International Atomic Energy Agency, Japan, North Korea, People's Republic of China, Russia, South Korea, United Nations, United States of America"
463.0,Preah Vihear Temple II1,2011.0,2011.0,"speech, action, thought",0,"ASEAN, Cambodia, Indonesia, International Court of Justice, Thailand, United Nations"
464.0,Libyan Civil War1,2011.0,2011.0,"speech, action, thought",0,"African Union, Arab League, Belgium, Bulgaria, Canada, Denmark, France, Greece, Italy, Jordan, Libya, NATO, Netherlands, Norway, Qatar, Romania, Spain, Sweden, Turkey, United Arab Emirates, United Kingdom, United Nations, United States of America"
465.0,Cote dâIvoire Presidential Crisis1,2011.0,2011.0,"speech, action, thought",0,"African Union, Economic Community of West African States, France, Ivory Coast, Nigeria, United Nations"
466.0,Sudan-South Sudan1,2011.0,2012.0,"speech, action, thought",0,"African Union, Ethiopia, South Sudan, Sudan, United Nations, international community, splm/a, حزب المؤتمر السوداني"
467.0,Scarborough Shoal1,2012.0,2012.0,"speech, action, thought",0,"ASEAN, International Tribunal for the Law of the Sea, People's Republic of China, Permanent Court of Arbitration, Philippines, United States of America"
468.0,Syria-Turkey Border Incidents1,2012.0,2012.0,"speech, action, thought",0,"NATO, Syria, Turkey, United Nations, United States of America"
469.0,North Korea Nuclear V1,2013.0,2013.0,"speech, action, thought",0,"Japan, North Korea, People's Republic of China, Russia, South Korea, Switzerland, United Nations, United States of America, international community"
470.0,Syria Chemical Weapons1,2013.0,2013.0,"speech, action, thought",100,"France, Russia, Syria, Syrian opposition, United Kingdom, United Nations, United States of America, international community"
471.0,Crimea-Donbass1,2014.0,2015.0,"speech, action, thought",110,"Donetsk People's Republic, European Union, France, G8, Germany, Luhansk People's Republic, Malaysia, NATO, Organization for Security and Co-operation in Europe, Russia, Trilateral Contact Group on Ukraine, Ukraine, United Nations, United States of America, dpr/lpr"
472.0,Chinese Oil Rig1,2014.0,2014.0,"speech, action, thought",0,"ASEAN, People's Republic of China, Taiwan, United Nations, Vietnam"
473.0,India-Pakistan Border Firing1,2014.0,2014.0,"speech, action, thought",10,"India, Pakistan, United Nations"
475.0,Korean Land Mine1,2015.0,2015.0,"speech, action, thought",0,"North Korea, South Korea, United Nations, United States of America"
476.0,Turkey-Russia Jet Incident1,2015.0,2016.0,"action;speech, speech, action, thought",0,"Denmark, France, Germany, Islamic State of Iraq and the Levant, Italy, Luxembourg, NATO, Russia, Saudi Arabia, Spain, Syria, Syrian opposition, Turkey, United Kingdom, United Nations, United States of America"
